reviewer_1,reviewer_2
yes,yes
yes,yes
yes,yes
yes,yes
yes,yes
yes,yes
yes,yes
yes,yes
yes,yes
yes,yes
yes,yes
yes,yes
yes,yes
yes,yes
yes,yes
yes,yes
yes,yes
yes,yes
yes,yes
yes,yes
yes,yes
yes,yes
yes,yes
yes,yes
yes,yes
yes,yes
yes,yes
yes,yes
yes,yes
yes,yes
yes,yes
yes,yes
yes,yes
yes,yes
yes,yes
yes,yes
yes,yes
yes,yes
yes,yes
yes,yes
yes,yes
yes,yes
yes,yes
yes,yes
yes,yes
yes,yes
yes,yes
yes,yes
yes,yes
yes,yes
no,yes
no,yes
no,yes
no,yes
no,yes
no,yes
no,yes
no,yes
no,yes
no,yes
no,yes
no,yes
no,yes
no,yes
no,yes
no,yes
no,yes
no,yes
no,yes
no,yes
no,yes
no,yes
no,yes
no,yes
no,yes
no,yes
no,yes
no,yes
no,yes
no,yes
no,yes
no,yes
no,yes
no,yes
no,yes
no,yes
no,yes
no,yes
no,yes
no,yes
no,yes
no,yes
no,yes
no,yes
no,yes
no,yes
no,yes
no,yes
no,yes
no,yes
no,yes
no,no
no,no
no,no
no,no
no,no
no,no
no,no
no,no
no,no
no,no
no,no
no,no
no,no
no,no
no,no
no,no
no,no
no,no
no,no
no,no
no,no
no,no
no,no
no,no
no,no
no,no
no,no
no,no
no,no
no,no
no,no
no,no
no,no
no,no
no,no
no,no
no,no
no,no
no,no
no,no
no,no
no,no
no,no
no,no
no,no
no,no
no,no
no,no
no,no
no,no
no,no
no,no
no,no
no,no
no,no
no,no
no,no
no,no
no,no
no,no
no,no
no,no
no,no
no,no
no,no
no,no
no,no
no,no
no,no
no,no
no,no
no,no
no,no
no,no
no,no
no,no
no,no
no,no
no,no
no,no
no,no
no,no
no,no
no,no
no,no
no,no
no,no
no,no
no,no
no,no
no,no
no,no
no,no
no,no
no,no
no,no
no,no
no,no
no,no
no,no
no,no
no,no
no,no
no,no
no,no
no,no
no,no
no,no
no,no
no,no
no,no
no,no
no,no
no,no
no,no
no,no
no,no
no,no
no,no
no,no
no,no
no,no
no,no
no,no
no,no
no,no
no,no
no,no
no,no
no,no
no,no
no,no
no,no
no,no
no,no
no,no
no,no
no,no
no,no
no,no
no,no
no,no
no,no
no,no
no,no
no,no
no,no
no,no
no,no
no,no
no,no
no,no
no,no
no,no
no,no
no,no
no,no
no,no
no,no
no,no
no,no
no,no
no,no
no,no
no,no
no,no
no,no
no,no
no,no
no,no
no,no
no,no
no,no
no,no
no,no
no,no
no,no
no,no
no,no
no,no
no,no
no,no
no,no
no,no
no,no
no,no
no,no
no,no
no,no
no,no
no,no
no,no
no,no
no,no
no,no
no,no
no,no
no,no
no,no
no,no
no,no
no,no
no,no
no,no
no,no
no,no
no,no
no,no
no,no
no,no
no,no
no,no
no,no
no,no
no,no
no,no
no,no
no,no
no,no
no,no
no,no
no,no
no,no
no,no
no,no
no,no
no,no
no,no
no,no
no,no
no,no
no,no
no,no
no,no
no,no
no,no
no,no
no,no
no,no
no,no
no,no
no,no
no,no
no,no
no,no
no,no
no,no
no,no
no,no
no,no
no,no
no,no
no,no
no,no
no,no
no,no
no,no
no,no
no,no
no,no
no,no
no,no
no,no
no,no
no,no
no,no
no,no
no,no
no,no
no,no
no,no
no,no
no,no
no,no
no,no
no,no
no,no
no,no
no,no
no,no
no,no
no,no
no,no
no,no
no,no
no,no
no,no
no,no
no,no
no,no
no,no
no,no
no,no
no,no
no,no
no,no
no,no
no,no
no,no
no,no
no,no
no,no
no,no
no,no
no,no
no,no
no,no
no,no
no,no
no,no
no,no
no,no
no,no
no,no
no,no
no,no
no,no
no,no
no,no
no,no
no,no
no,no
no,no
no,no
no,no
no,no
no,no
no,no
no,no
no,no
no,no
no,no
no,no
no,no
no,no
no,no
no,no
no,no
no,no
no,no
no,no
no,no
no,no
no,no
no,no
no,no
no,no
no,no
no,no
no,no
no,no
no,no
no,no
no,no
no,no
no,no
no,no
no,no
no,no
no,no
no,no
no,no
no,no
no,no
no,no
no,no
no,no
no,no
no,no
no,no
no,no
no,no
no,no
no,no
no,no
no,no
no,no
no,no
no,no
no,no
no,no
no,no
no,no
no,no
no,no
no,no
no,no
no,no
no,no
no,no
no,no
no,no
no,no
no,no
no,no
no,no
no,no
no,no
no,no
no,no
no,no
no,no
no,no
no,no
no,no
no,no
no,no
no,no
no,no
no,no
no,no
no,no
no,no
no,no
no,no
no,no
no,no
no,no
no,no
no,no
no,no
no,no
no,no
no,no
no,no
no,no
no,no
no,no
no,no
no,no
no,no
no,no
no,no
no,no
no,no
no,no
no,no
no,no
no,no
no,no
no,no
no,no
no,no
no,no
no,no
no,no
no,no
no,no
no,no
no,no
no,no
no,no
no,no
no,no
no,no
no,no
no,no
no,no
no,no
no,no
no,no
no,no
no,no
no,no
no,no
no,no
no,no
no,no
no,no
no,no
no,no
no,no
no,no
no,no
no,no
no,no
no,no
no,no
no,no
no,no
no,no
no,no
no,no
no,no
no,no
no,no
no,no
no,no
no,no
no,no
no,no
no,no
no,no
no,no
no,no
no,no
no,no
no,no
no,no
no,no
no,no
no,no
no,no
no,no
no,no
no,no
no,no
no,no
no,no
no,no
no,no
no,no
no,no
no,no
no,no
no,no
no,no
no,no
no,no
no,no
no,no
no,no
no,no
no,no
no,no
no,no
no,no
no,no
no,no
no,no
no,no
no,no
no,no
no,no
no,no
no,no
no,no
no,no
no,no
no,no
no,no
no,no
no,no
no,no
no,no
no,no
no,no
no,no
no,no
no,no
no,no
no,no
no,no
no,no
no,no
no,no
no,no
no,no
no,no
no,no
no,no
no,no
no,no
no,no
no,no
no,no
no,no
no,no
no,no
no,no
no,no
no,no
no,no
no,no
no,no
no,no
no,no
no,no
no,no
no,no
no,no
no,no
no,no
no,no
no,no
no,no
no,no
no,no
no,no
no,no
no,no
no,no
no,no
no,no
no,no
no,no
no,no
no,no
no,no
no,no
no,no
no,no
no,no
no,no
no,no
no,no
no,no
no,no
no,no
no,no
no,no
no,no
no,no
no,no
no,no
no,no
no,no
no,no
no,no
no,no
no,no
no,no
no,no
no,no
no,no
no,no
no,no
no,no
no,no
no,no
no,no
no,no
no,no
no,no
no,no
no,no
no,no
no,no
no,no
no,no
no,no
no,no
no,no
no,no
no,no
no,no
no,no
no,no
no,no
no,no
no,no
no,no
no,no
no,no
no,no
no,no
no,no
no,no
no,no
no,no
no,no
no,no
no,no
no,no
no,no
no,no
no,no
no,no
no,no
no,no
no,no
no,no
no,no
no,no
no,no
no,no
no,no
no,no
no,no
no,no
no,no
no,no
no,no
no,no
no,no
no,no
no,no
no,no
no,no
no,no
no,no
no,no
no,no
no,no
no,no
no,no
no,no
no,no
no,no
no,no
no,no
no,no
no,no
no,no
no,no
no,no
no,no
no,no
no,no
no,no
no,no
no,no
no,no
no,no
no,no
no,no
no,no
no,no
no,no
no,no
no,no
no,no
no,no
no,no
no,no
no,no
no,no
no,no
no,no
no,no
no,no
no,no
no,no
no,no
no,no
no,no
no,no
no,no
no,no
no,no
no,no
no,no
no,no
no,no
no,no
no,no
no,no
no,no
no,no
no,no
no,no
no,no
no,no
no,no
no,no
no,no
no,no
no,no
no,no
no,no
no,no
no,no
no,no
no,no
no,no
no,no
no,no
no,no
no,no
no,no
no,no
no,no
no,no
no,no
no,no
no,no
no,no
no,no
no,no
no,no
no,no
no,no
no,no
no,no
no,no
no,no
no,no
no,no
no,no
no,no
no,no
no,no
no,no
no,no
no,no
no,no
no,no
no,no
no,no
no,no
no,no
no,no
no,no
no,no
no,no
no,no
no,no
no,no
no,no
no,no
no,no
no,no
no,no
no,no
no,no
no,no
no,no
no,no
no,no
no,no
no,no
no,no
no,no
no,no
no,no
no,no
no,no
no,no
no,no
no,no
no,no
no,no
no,no
no,no
no,no
no,no
no,no
no,no
no,no
no,no
no,no
no,no
no,no
no,no
no,no
no,no
no,no
no,no
no,no
no,no
no,no
no,no
no,no
no,no
no,no
no,no
no,no
no,no
no,no
no,no
no,no
no,no
no,no
no,no
no,no
no,no
no,no
no,no
no,no
no,no
no,no
no,no
no,no
no,no
no,no
no,no
no,no
no,no
no,no
no,no
no,no
no,no
no,no
no,no
no,no
no,no
no,no
no,no
no,no
no,no
no,no
no,no
no,no
no,no
no,no
no,no
no,no
no,no
no,no
no,no
no,no
no,no
no,no
no,no
no,no
no,no
no,no
no,no
no,no
no,no
no,no
no,no
no,no
no,no
no,no
no,no
no,no
no,no
no,no
no,no
no,no
no,no
no,no
no,no
no,no
no,no
no,no
no,no
no,no
no,no
no,no
no,no
no,no
no,no
no,no
no,no
no,no
no,no
no,no
no,no
no,no
no,no
no,no
no,no
no,no
no,no
no,no
no,no
no,no
no,no
no,no
no,no
no,no
no,no
no,no
no,no
no,no
no,no
no,no
no,no
no,no
no,no
no,no
no,no
no,no
no,no
no,no
no,no
no,no
no,no
no,no
no,no
no,no
no,no
no,no
no,no
no,no
no,no
no,no
no,no
no,no
no,no
no,no
no,no
no,no
no,no
no,no
no,no
no,no
no,no
no,no
no,no
no,no
no,no
no,no
no,no
no,no
no,no
no,no
no,no
no,no
no,no
no,no
no,no
no,no
no,no
no,no
no,no
no,no
no,no
no,no
no,no
no,no
no,no
no,no
no,no
no,no
no,no
no,no
no,no
no,no
no,no
no,no
no,no
no,no
no,no
no,no
no,no
no,no
no,no
no,no
no,no
no,no
no,no
no,no
no,no
no,no
no,no
no,no
no,no
no,no
no,no
no,no
no,no
no,no
no,no
no,no
no,no
no,no
no,no
no,no
no,no
no,no
no,no
no,no
no,no
no,no
no,no
no,no
no,no
no,no
no,no
no,no
no,no
no,no
no,no
no,no
no,no
no,no
no,no
no,no
no,no
no,no
no,no
no,no
no,no
no,no
no,no
no,no
no,no
no,no
no,no
no,no
no,no
no,no
no,no
no,no
no,no
no,no
no,no
no,no
no,no
no,no
no,no
no,no
no,no
no,no
no,no
no,no
no,no
no,no
no,no
no,no
no,no
no,no
no,no
no,no
no,no
no,no
no,no
no,no
no,no
no,no
no,no
no,no
no,no
no,no
no,no
no,no
no,no
no,no
no,no
no,no
no,no
no,no
no,no
no,no
no,no
no,no
no,no
no,no
no,no
no,no
no,no
no,no
no,no
no,no
no,no
no,no
no,no
no,no
no,no
no,no
no,no
no,no
no,no
no,no
no,no
no,no
no,no
no,no
no,no
no,no
no,no
no,no
no,no
no,no
no,no
no,no
no,no
no,no
no,no
no,no
no,no
no,no
no,no
no,no
no,no
no,no
no,no
no,no
no,no
no,no
no,no
no,no
no,no
no,no
no,no
no,no
no,no
no,no
no,no
no,no
no,no
no,no
no,no
no,no
no,no
no,no
no,no
no,no
no,no
no,no
no,no
no,no
no,no
no,no
no,no
no,no
no,no
no,no
no,no
no,no
no,no
no,no
no,no
no,no
no,no
no,no
no,no
no,no
no,no
no,no
no,no
no,no
no,no
no,no
no,no
no,no
no,no
no,no
no,no
no,no
no,no
no,no
no,no
no,no
no,no
no,no
no,no
no,no
no,no
no,no
no,no
no,no
no,no
no,no
no,no
no,no
no,no
no,no
no,no
no,no
no,no
no,no
no,no
no,no
no,no
no,no
no,no
no,no
no,no
no,no
no,no
no,no
no,no
no,no
no,no
no,no
no,no
no,no
no,no
no,no
no,no
no,no
no,no
no,no
no,no
no,no
no,no
no,no
no,no
no,no
no,no
no,no
no,no
no,no
no,no
no,no
no,no
no,no
no,no
no,no
no,no
no,no
no,no
no,no
no,no
no,no
no,no
no,no
no,no
no,no
no,no
no,no
no,no
no,no
no,no
no,no
no,no
no,no
no,no
no,no
no,no
no,no
no,no
no,no
no,no
no,no
no,no
no,no
no,no
no,no
no,no
no,no
no,no
no,no
no,no
no,no
no,no
no,no
no,no
no,no
no,no
no,no
no,no
no,no
no,no
no,no
no,no
no,no
no,no
no,no
no,no
no,no
no,no
no,no
no,no